,TreatmentType,Image,TreatmentSubType
0,HFD10X,Hepar-HFDA151X10-2_T00.tiff,HFDA15
1,HFD10X,Hepar-HFDA151X10-2_T01.tiff,HFDA15
2,HFD10X,Hepar-HFDA153X10-1_T11.tiff,HFDA15
3,HFD10X,Hepar-HFDA151X10-2_T11.tiff,HFDA15
4,HFD10X,Hepar-HFDA151X10-1_T00.tiff,HFDA15
5,HFD10X,Hepar-HFDA54X10-1_T00.tiff,HFDA54
6,HFD10X,Hepar-HFDA151X10-1_T11.tiff,HFDA15
7,HFD10X,Hepar-HFDA104X10-2_T00.tiff,HFDA10
8,HFD10X,Hepar-HFDA105X10-2_T01.tiff,HFDA10
9,HFD10X,Hepar-HFDA53X10-3_T00.tiff,HFDA53
10,HFD10X,Hepar-HFDA153X10-1_T01.tiff,HFDA15
11,HFD10X,Hepar-HFDA253X10-1_T01.tiff,HFDA25
12,HFD10X,Hepar-HFDA151X10-1_T02.tiff,HFDA15
13,HFD10X,Hepar-HFDA55X10-1_T00.tiff,HFDA55
14,HFD10X,Hepar-HFDA53X10-1_T10.tiff,HFDA53
15,HFD10X,Hepar-HFDA54X10-1_T02.tiff,HFDA54
16,HFD10X,Hepar-HFDA55X10-1_T02.tiff,HFDA55
17,HFD10X,Hepar-HFDA103X10-3_T00.tiff,HFDA10
18,HFD10X,Hepar-HFDA53X10-2_T01.tiff,HFDA53
19,HFD10X,Hepar-HFDA152X10-1_T01.tiff,HFDA15
20,HFD10X,Hepar-HFDA251X10-1_T00.tiff,HFDA25
21,HFD10X,Hepar-HFDA253X10-1_T00.tiff,HFDA25
22,HFD10X,Hepar-HFDA53X10-2_T10.tiff,HFDA53
23,HFD10X,Hepar-HFDA55X10-1_T01.tiff,HFDA55
24,HFD10X,Hepar-HFDA151X10-1_T01.tiff,HFDA15
25,HFD10X,Hepar-HFDA105X10-1_T00.tiff,HFDA10
26,HFD10X,Hepar-HFDA105X10-1_T11.tiff,HFDA10
27,HFD10X,Hepar-HFDA55X10-1_T10.tiff,HFDA55
28,HFD10X,Hepar-HFDSIMV3X10-1_T01.tiff,HFDSIMV
29,HFD10X,Hepar-HFDA105X10-2_T02.tiff,HFDA10
30,HFD10X,Hepar-HFDA105X10-2_T11.tiff,HFDA10
31,HFD10X,Hepar-HFDA53X10-2_T02.tiff,HFDA53
32,HFD10X,Hepar-HFDA151X10-2_T12.tiff,HFDA15
33,HFD10X,Hepar-HFDA53X10-3_T01.tiff,HFDA53
34,HFD10X,Hepar-HFDA153X10-1_T10.tiff,HFDA15
35,HFD10X,Hepar-HFDA104X10-1_T01.tiff,HFDA10
36,HFD10X,Hepar-HFDSIMV3X10-1_T00.tiff,HFDSIMV
37,HFD10X,Hepar-HFDA152X10-1_T02.tiff,HFDA15
38,HFD10X,Hepar-HFDA105X10-2_T00.tiff,HFDA10
39,HFD10X,Hepar-HFDA103X10-3_T01.tiff,HFDA10
40,HFD10X,Hepar-HFDA53X10-2_T00.tiff,HFDA53
41,HFD10X,Hepar-HFDA53X10-1_T11.tiff,HFDA53
42,HFD10X,Hepar-HFDA53X10-3_T02.tiff,HFDA53
43,HFD10X,Hepar-HFDA152X10-1_T00.tiff,HFDA15
44,HFD10X,Hepar-HFDA152X10-1_T10.tiff,HFDA15
45,HFD10X,Hepar-HFDA105X10-1_T01.tiff,HFDA10
46,HFD10X,Hepar-HFDA254X10-1_T01.tiff,HFDA25
47,HFD10X,Hepar-HFDA53X10-1_T00.tiff,HFDA53
48,HFD10X,Hepar-HFDA105X10-1_T10.tiff,HFDA10
49,HFD10X,Hepar-HFDA153X10-1_T02.tiff,HFDA15
50,HFD10X,Hepar-HFDA55X10-1_T11.tiff,HFDA55
51,HFD10X,Hepar-HFDA254X10-1_T00.tiff,HFDA25
52,HFD10X,Hepar-HFDA251X10-1_T01.tiff,HFDA25
53,HFD10X,Hepar-HFDA105X10-2_T10.tiff,HFDA10
54,HFD10X,Hepar-HFDA151X10-1_T10.tiff,HFDA15
55,HFD10X,Hepar-HFDA53X10-3_T10.tiff,HFDA53
56,HFD10X,Hepar-HFDA251X10-1_T02.tiff,HFDA25
57,HFD10X,Hepar-HFDA53X10-1_T02.tiff,HFDA53
58,HFD10X,Hepar-HFDA104X10-2_T01.tiff,HFDA10
59,HFD10X,Hepar-HFDA105X10-1_T12.tiff,HFDA10
60,HFD10X,Hepar-HFDA54X10-1_T01.tiff,HFDA54
61,HFD10X,Hepar-HFDA153X10-1_T00.tiff,HFDA15
62,HFD10X,Hepar-HFDA105X10-2_T12.tiff,HFDA10
63,HFD10X,Hepar-HFDA151X10-2_T02.tiff,HFDA15
64,HFD10X,Hepar-HFDA54X10-1_T10.tiff,HFDA54
65,HFD10X,Hepar-HFDA254X10-1_T02.tiff,HFDA25
66,HFD10X,Hepar-HFDA151X10-2_T10.tiff,HFDA15
67,HFD10X,Hepar-HFDA104X10-2_T02.tiff,HFDA10
68,HFD10X,Hepar-HFDA53X10-1_T01.tiff,HFDA53
69,HFD10X,Hepar-HFDA153X10-1_T12.tiff,HFDA15
70,HFD10X,Hepar-HFDA53X10-1_T12.tiff,HFDA53
71,HFD10X,Hepar-HFDA53X10-2_T11.tiff,HFDA53
72,HFD10X,Hepar-HFDA103X10-2_T01.tiff,HFDA10
73,HFD10X,Hepar-HFDSIMV2X10-1_T00.tiff,HFDSIMV
74,HFD10X,Hepar-HFDA104X10-2_T11.tiff,HFDA10
75,HFD10X,Hepar-HFDA105X10-1_T02.tiff,HFDA10
76,HFD10X,Hepar-HFDA253X10-1_T11.tiff,HFDA25
77,HFD10X,Hepar-HFDA251X10-1_T10.tiff,HFDA25
78,HFD10X,Hepar-HFDA103X10-4_T01.tiff,HFDA10
79,HFD10X,Hepar-HFDSIMV2X10-1_T01.tiff,HFDSIMV
80,HFD10X,Hepar-HFDA103X10-4_T00.tiff,HFDA10
81,HFD10X,Hepar-HFDA203X10-1_T01.tiff,HFDA20
82,HFD10X,Hepar-HFDA54X10-1_T11.tiff,HFDA54
83,HFD10X,Hepar-HFDA204X10-2_T00.tiff,HFDA20
84,HFD10X,Hepar-HFDA104X10-1_T00.tiff,HFDA10
85,HFD10X,Hepar-HFDA104X10-2_T10.tiff,HFDA10
86,HFD10X,Hepar-HFDA53X10-3_T12.tiff,HFDA53
87,HFD10X,Hepar-HFDA53X10-3_T11.tiff,HFDA53
88,HFD10X,Hepar-HFDA254X10-1_T10.tiff,HFDA25
89,HFD10X,Hepar-HFDA204X10-2_T01.tiff,HFDA20
90,HFD10X,Hepar-HFDA55X10-1_T12.tiff,HFDA55
91,HFD10X,Hepar-HFDA204X10-1_T00.tiff,HFDA20
92,HFD10X,Hepar-HFDA152X10-1_T11.tiff,HFDA15
93,HFD10X,Hepar-HFDA251X10-1_T11.tiff,HFDA25
94,HFD10X,Hepar-HFDA104X10-2_T12.tiff,HFDA10
95,HFD10X,Hepar-HFDA151X10-1_T12.tiff,HFDA15
96,HFD10X,Hepar-HFDA251X10-1_T12.tiff,HFDA25
97,HFD10X,Hepar-HFDA103X10-2_T10.tiff,HFDA10
98,HFD10X,Hepar-HFDA203X10-1_T00.tiff,HFDA20
99,HFD10X,Hepar-HFDA104X10-1_T02.tiff,HFDA10
100,HFD10X,Hepar-HFDA203X10-1_T10.tiff,HFDA20
101,HFD10X,Hepar-HFDA104X10-1_T11.tiff,HFDA10
102,HFD10X,Hepar-HFDSIMV2X10-1_T02.tiff,HFDSIMV
103,HFD10X,Hepar-HFDSIMV3X10-1_T02.tiff,HFDSIMV
104,HFD10X,Hepar-HFDA54X10-1_T12.tiff,HFDA54
105,HFD10X,Hepar-HFDA254X10-1_T11.tiff,HFDA25
106,HFD10X,Hepar-HFDA202X10-1_T00.tiff,HFDA20
107,HFD10X,Hepar-HFDSIMV3X10-1_T11.tiff,HFDSIMV
108,HFD10X,Hepar-HFDA104X10-1_T12.tiff,HFDA10
109,HFD10X,Hepar-HFDA53X10-2_T12.tiff,HFDA53
110,HFD10X,Hepar-HFDA104X10-1_T10.tiff,HFDA10
111,HFD10X,Hepar-HFDA204X10-2_T10.tiff,HFDA20
112,HFD10X,Hepar-HFDA103X10-4_T11.tiff,HFDA10
113,HFD10X,Hepar-HFDA204X10-2_T02.tiff,HFDA20
114,HFD10X,Hepar-HFDA103X10-3_T02.tiff,HFDA10
115,HFD10X,Hepar-HFDA103X10-3_T12.tiff,HFDA10
116,HFD10X,Hepar-HFDA103X10-4_T02.tiff,HFDA10
117,HFD10X,Hepar-HFDSIMV2X10-1_T10.tiff,HFDSIMV
118,HFD10X,Hepar-HFDA201X10-2_T02.tiff,HFDA20
119,HFD10X,Hepar-HFDA254X10-1_T12.tiff,HFDA25
120,HFD10X,Hepar-HFDA202X10-1_T02.tiff,HFDA20
121,HFD10X,Hepar-HFDA253X10-1_T02.tiff,HFDA25
122,HFD10X,Hepar-HFDA204X10-1_T11.tiff,HFDA20
123,HFD10X,Hepar-HFDA103X10-2_T00.tiff,HFDA10
124,HFD10X,Hepar-HFDA253X10-1_T10.tiff,HFDA25
125,HFD10X,Hepar-HFDA103X10-3_T10.tiff,HFDA10
126,HFD10X,Hepar-HFDA201X10-2_T01.tiff,HFDA20
127,HFD10X,Hepar-HFDA201X10-1_T00.tiff,HFDA20
128,HFD10X,Hepar-HFDA201X10-2_T11.tiff,HFDA20
129,HFD10X,Hepar-HFDSIMV2X10-1_T11.tiff,HFDSIMV
130,HFD10X,Hepar-HFDA201X10-2_T00.tiff,HFDA20
131,HFD10X,Hepar-HFDA202X10-1_T10.tiff,HFDA20
132,HFD10X,Hepar-HFDA204X10-2_T11.tiff,HFDA20
133,HFD10X,Hepar-HFDSIMV2X10-1_T12.tiff,HFDSIMV
134,HFD10X,Hepar-HFDA204X10-1_T01.tiff,HFDA20
135,HFD10X,Hepar-HFDSIMV3X10-1_T12.tiff,HFDSIMV
136,HFD10X,Hepar-HFDA203X10-1_T02.tiff,HFDA20
137,HFD10X,Hepar-HFDSIMV3X10-1_T10.tiff,HFDSIMV
138,HFD10X,Hepar-HFDA201X10-2_T10.tiff,HFDA20
139,HFD10X,Hepar-HFDA103X10-4_T10.tiff,HFDA10
140,HFD10X,Hepar-HFDA202X10-1_T01.tiff,HFDA20
141,HFD10X,Hepar-HFDA103X10-2_T02.tiff,HFDA10
142,HFD10X,Hepar-HFDA201X10-1_T10.tiff,HFDA20
143,HFD10X,Hepar-HFDA204X10-2_T12.tiff,HFDA20
144,HFD10X,Hepar-HFDA103X10-3_T11.tiff,HFDA10
145,HFD10X,Hepar-HFDA201X10-1_T11.tiff,HFDA20
146,HFD10X,Hepar-HFDA103X10-4_T12.tiff,HFDA10
147,HFD10X,Hepar-HFDA253X10-1_T12.tiff,HFDA25
148,HFD10X,Hepar-HFDA201X10-1_T02.tiff,HFDA20
149,HFD10X,Hepar-HFDA201X10-1_T12.tiff,HFDA20
150,HFD10X,Hepar-HFDA204X10-1_T02.tiff,HFDA20
151,HFD10X,Hepar-HFDA203X10-1_T12.tiff,HFDA20
152,HFD10X,Hepar-HFDA103X10-2_T11.tiff,HFDA10
153,HFD10X,Hepar-HFDA103X10-2_T12.tiff,HFDA10
154,HFD10X,Hepar-HFDA152X10-1_T12.tiff,HFDA15
155,HFD10X,Hepar-HFDA204X10-1_T10.tiff,HFDA20
156,HFD10X,Hepar-HFDA202X10-1_T12.tiff,HFDA20
157,HFD10X,Hepar-HFDA203X10-1_T11.tiff,HFDA20
158,HFD10X,Hepar-HFDA201X10-1_T01.tiff,HFDA20
159,HFD10X,Hepar-HFDA201X10-2_T12.tiff,HFDA20
160,HFD10X,Hepar-HFDA202X10-1_T11.tiff,HFDA20
161,HFD10X,Hepar-HFDA204X10-1_T12.tiff,HFDA20
162,HFD20X,Hepar-HFDA254X20-4_T00.tiff,HFDA25
163,HFD20X,Hepar-HFDA254X20-2_T01.tiff,HFDA25
164,HFD20X,Hepar-HFDA151X20-2_T11.tiff,HFDA15
165,HFD20X,Hepar-HFDA53X20-1_T00.tiff,HFDA53
166,HFD20X,Hepar-HFDA254X20-2_T00.tiff,HFDA25
167,HFD20X,Hepar-HFDA253X20-1_T10.tiff,HFDA25
168,HFD20X,Hepar-HFDA55X20-1_T00.tiff,HFDA55
169,HFD20X,Hepar-HFDA53X20-1_T12.tiff,HFDA53
170,HFD20X,Hepar-HFDA54X20-1_T00.tiff,HFDA54
171,HFD20X,Hepar-HFDA105X20-1_T11.tiff,HFDA10
172,HFD20X,Hepar-HFDA151X20-1_T12.tiff,HFDA15
173,HFD20X,Hepar-HFDA151X20-1_T01.tiff,HFDA15
174,HFD20X,Hepar-HFDA153X20-1_T12.tiff,HFDA15
175,HFD20X,Hepar-HFDA53X20-2_T02.tiff,HFDA53
176,HFD20X,Hepar-HFDA151X20-2_T12.tiff,HFDA15
177,HFD20X,Hepar-HFDA254X20-1_T00.tiff,HFDA25
178,HFD20X,Hepar-HFDA153X20-1_T10.tiff,HFDA15
179,HFD20X,Hepar-HFDA151X20-1_T11.tiff,HFDA15
180,HFD20X,Hepar-HFDA54X20-1_T01.tiff,HFDA54
181,HFD20X,Hepar-HFDSIMV2X20-1_T02.tiff,HFDSIMV
182,HFD20X,Hepar-HFDA254X20-1_T01.tiff,HFDA25
183,HFD20X,Hepar-HFDA152X20-1_T10.tiff,HFDA15
184,HFD20X,Hepar-HFDA53X20-3_T02.tiff,HFDA53
185,HFD20X,Hepar-HFDA54X20-1_T12.tiff,HFDA54
186,HFD20X,Hepar-HFDA55X20-1_T02.tiff,HFDA55
187,HFD20X,Hepar-HFDA105X20-1_T02.tiff,HFDA10
188,HFD20X,Hepar-HFDA253X20-1_T00.tiff,HFDA25
189,HFD20X,Hepar-HFDA153X20-1_T02.tiff,HFDA15
190,HFD20X,Hepar-HFDA254X20-1_T10.tiff,HFDA25
191,HFD20X,Hepar-HFDA53X20-2_T10.tiff,HFDA53
192,HFD20X,Hepar-HFDA53X20-3_T00.tiff,HFDA53
193,HFD20X,Hepar-HFDA254X20-2_T02.tiff,HFDA25
194,HFD20X,Hepar-HFDA53X20-2_T00.tiff,HFDA53
195,HFD20X,Hepar-HFDA104X20-2_T00.tiff,HFDA10
196,HFD20X,Hepar-HFDSIMV3X20-1_T02.tiff,HFDSIMV
197,HFD20X,Hepar-HFDA104X20-2_T01.tiff,HFDA10
198,HFD20X,Hepar-HFDA105X20-1_T00.tiff,HFDA10
199,HFD20X,Hepar-HFDA55X20-1_T01.tiff,HFDA55
200,HFD20X,Hepar-HFDA105X20-1_T10.tiff,HFDA10
201,HFD20X,Hepar-HFDA254X20-3_T11.tiff,HFDA25
202,HFD20X,Hepar-HFDA151X20-1_T02.tiff,HFDA15
203,HFD20X,Hepar-HFDSIMV3X20-1_T01.tiff,HFDSIMV
204,HFD20X,Hepar-HFDA254X20-3_T10.tiff,HFDA25
205,HFD20X,Hepar-HFDA105X20-1_T01.tiff,HFDA10
206,HFD20X,Hepar-HFDA254X20-1_T02.tiff,HFDA25
207,HFD20X,Hepar-HFDA254X20-3_T00.tiff,HFDA25
208,HFD20X,Hepar-HFDA53X20-1_T02.tiff,HFDA53
209,HFD20X,Hepar-HFDSIMV2X20-1_T11.tiff,HFDSIMV
210,HFD20X,Hepar-HFDA151X20-1_T00.tiff,HFDA15
211,HFD20X,Hepar-HFDA152X20-1_T02.tiff,HFDA15
212,HFD20X,Hepar-HFDA253X20-1_T01.tiff,HFDA25
213,HFD20X,Hepar-HFDSIMV2X20-1_T01.tiff,HFDSIMV
214,HFD20X,Hepar-HFDA254X20-3_T01.tiff,HFDA25
215,HFD20X,Hepar-HFDA53X20-1_T11.tiff,HFDA53
216,HFD20X,Hepar-HFDA53X20-3_T01.tiff,HFDA53
217,HFD20X,Hepar-HFDA254X20-4_T10.tiff,HFDA25
218,HFD20X,Hepar-HFDA254X20-4_T01.tiff,HFDA25
219,HFD20X,Hepar-HFDA251X20-1_T01.tiff,HFDA25
220,HFD20X,Hepar-HFDA151X20-2_T00.tiff,HFDA15
221,HFD20X,Hepar-HFDA152X20-1_T01.tiff,HFDA15
222,HFD20X,Hepar-HFDA254X20-3_T02.tiff,HFDA25
223,HFD20X,Hepar-HFDA152X20-1_T12.tiff,HFDA15
224,HFD20X,Hepar-HFDA53X20-2_T01.tiff,HFDA53
225,HFD20X,Hepar-HFDA253X20-1_T02.tiff,HFDA25
226,HFD20X,Hepar-HFDSIMV2X20-1_T10.tiff,HFDSIMV
227,HFD20X,Hepar-HFDA254X20-1_T11.tiff,HFDA25
228,HFD20X,Hepar-HFDA153X20-1_T01.tiff,HFDA15
229,HFD20X,Hepar-HFDA254X20-4_T02.tiff,HFDA25
230,HFD20X,Hepar-HFDA153X20-1_T11.tiff,HFDA15
231,HFD20X,Hepar-HFDA254X20-4_T11.tiff,HFDA25
232,HFD20X,Hepar-HFDA151X20-2_T01.tiff,HFDA15
233,HFD20X,Hepar-HFDA54X20-1_T10.tiff,HFDA54
234,HFD20X,Hepar-HFDA153X20-1_T00.tiff,HFDA15
235,HFD20X,Hepar-HFDSIMV2X20-1_T00.tiff,HFDSIMV
236,HFD20X,Hepar-HFDA53X20-1_T10.tiff,HFDA53
237,HFD20X,Hepar-HFDA103X20-4_T00.tiff,HFDA10
238,HFD20X,Hepar-HFDA53X20-1_T01.tiff,HFDA53
239,HFD20X,Hepar-HFDA151X20-1_T10.tiff,HFDA15
240,HFD20X,Hepar-HFDA151X20-2_T02.tiff,HFDA15
241,HFD20X,Hepar-HFDA151X20-2_T10.tiff,HFDA15
242,HFD20X,Hepar-HFDA254X20-3_T12.tiff,HFDA25
243,HFD20X,Hepar-HFDA53X20-2_T11.tiff,HFDA53
244,HFD20X,Hepar-HFDA251X20-1_T00.tiff,HFDA25
245,HFD20X,Hepar-HFDA103X20-3_T00.tiff,HFDA10
246,HFD20X,Hepar-HFDA54X20-1_T11.tiff,HFDA54
247,HFD20X,Hepar-HFDA104X20-1_T00.tiff,HFDA10
248,HFD20X,Hepar-HFDA253X20-1_T11.tiff,HFDA25
249,HFD20X,Hepar-HFDA251X20-1_T10.tiff,HFDA25
250,HFD20X,Hepar-HFDA54X20-1_T02.tiff,HFDA54
251,HFD20X,Hepar-HFDA53X20-3_T11.tiff,HFDA53
252,HFD20X,Hepar-HFDA152X20-1_T11.tiff,HFDA15
253,HFD20X,Hepar-HFDSIMV3X20-1_T11.tiff,HFDSIMV
254,HFD20X,Hepar-HFDA104X20-1_T02.tiff,HFDA10
255,HFD20X,Hepar-HFDA104X20-2_T02.tiff,HFDA10
256,HFD20X,Hepar-HFDA103X20-4_T10.tiff,HFDA10
257,HFD20X,Hepar-HFDA152X20-1_T00.tiff,HFDA15
258,HFD20X,Hepar-HFDA105X20-1_T12.tiff,HFDA10
259,HFD20X,Hepar-HFDSIMV3X20-1_T00.tiff,HFDSIMV
260,HFD20X,Hepar-HFDA104X20-2_T12.tiff,HFDA10
261,HFD20X,Hepar-HFDA254X20-2_T11.tiff,HFDA25
262,HFD20X,Hepar-HFDA204X20-1_T01.tiff,HFDA20
263,HFD20X,Hepar-HFDA53X20-3_T10.tiff,HFDA53
264,HFD20X,Hepar-HFDA01X20-3_T00.tiff,HFDA01
265,HFD20X,Hepar-HFDA104X20-1_T10.tiff,HFDA10
266,HFD20X,Hepar-HFDA103X20-2_T01.tiff,HFDA10
267,HFD20X,Hepar-HFDA254X20-1_T12.tiff,HFDA25
268,HFD20X,Hepar-HFDSIMV3X20-1_T12.tiff,HFDSIMV
269,HFD20X,Hepar-HFDA254X20-2_T10.tiff,HFDA25
270,HFD20X,Hepar-HFDA202X20-1_T02.tiff,HFDA20
271,HFD20X,Hepar-HFDA55X20-1_T10.tiff,HFDA55
272,HFD20X,Hepar-HFDA204X20-1_T00.tiff,HFDA20
273,HFD20X,Hepar-HFDA103X20-4_T02.tiff,HFDA10
274,HFD20X,Hepar-HFDA103X20-3_T10.tiff,HFDA10
275,HFD20X,Hepar-HFDA201X20-1_T00.tiff,HFDA20
276,HFD20X,Hepar-HFDA104X20-1_T01.tiff,HFDA10
277,HFD20X,Hepar-HFDA105X20-2_T02.tiff,HFDA10
278,HFD20X,Hepar-HFDA103X20-2_T02.tiff,HFDA10
279,HFD20X,Hepar-HFDA103X20-4_T01.tiff,HFDA10
280,HFD20X,Hepar-HFDA03X20-1_T01.tiff,HFDA03
281,HFD20X,Hepar-HFDA201X20-1_T02.tiff,HFDA20
282,HFD20X,Hepar-HFDA201X20-1_T01.tiff,HFDA20
283,HFD20X,Hepar-HFDA105X20-2_T00.tiff,HFDA10
284,HFD20X,Hepar-HFDA04X20-2_T02.tiff,HFDA04
285,HFD20X,Hepar-HFDA105X20-2_T10.tiff,HFDA10
286,HFD20X,Hepar-HFDA103X20-3_T11.tiff,HFDA10
287,HFD20X,Hepar-HFDA01X20-3_T01.tiff,HFDA01
288,HFD20X,Hepar-HFDA04X20-1_T00.tiff,HFDA04
289,HFD20X,Hepar-HFDSIMV3X20-1_T10.tiff,HFDSIMV
290,HFD20X,Hepar-HFDA254X20-4_T12.tiff,HFDA25
291,HFD20X,Hepar-HFDA103X20-4_T12.tiff,HFDA10
292,HFD20X,Hepar-HFDA03X20-1_T02.tiff,HFDA03
293,HFD20X,Hepar-HFDA105X20-2_T11.tiff,HFDA10
294,HFD20X,Hepar-HFDA202X20-1_T11.tiff,HFDA20
295,HFD20X,Hepar-HFDA251X20-1_T11.tiff,HFDA25
296,HFD20X,Hepar-HFDA104X20-1_T11.tiff,HFDA10
297,HFD20X,Hepar-HFDA55X20-1_T11.tiff,HFDA55
298,HFD20X,Hepar-HFDA104X20-1_T12.tiff,HFDA10
299,HFD20X,Hepar-HFDA53X20-3_T12.tiff,HFDA53
300,HFD20X,Hepar-HFDA04X20-2_T01.tiff,HFDA04
301,HFD20X,Hepar-HFDA103X20-2_T10.tiff,HFDA10
302,HFD20X,Hepar-HFDA03X20-2_T01.tiff,HFDA03
303,HFD20X,Hepar-HFDA105X20-2_T01.tiff,HFDA10
304,HFD20X,Hepar-HFDA203X20-1_T01.tiff,HFDA20
305,HFD20X,Hepar-HFDA204X20-2_T02.tiff,HFDA20
306,HFD20X,Hepar-HFDSIMV2X20-1_T12.tiff,HFDSIMV
307,HFD20X,Hepar-HFDA03X20-1_T10.tiff,HFDA03
308,HFD20X,Hepar-HFDA201X20-2_T01.tiff,HFDA20
309,HFD20X,Hepar-HFDA201X20-2_T00.tiff,HFDA20
310,HFD20X,Hepar-HFDA251X20-1_T12.tiff,HFDA25
311,HFD20X,Hepar-HFDA204X20-1_T10.tiff,HFDA20
312,HFD20X,Hepar-HFDA104X20-2_T11.tiff,HFDA10
313,HFD20X,Hepar-HFDA103X20-2_T11.tiff,HFDA10
314,HFD20X,Hepar-HFDA201X20-2_T02.tiff,HFDA20
315,HFD20X,Hepar-HFDA104X20-2_T10.tiff,HFDA10
316,HFD20X,Hepar-HFDA53X20-2_T12.tiff,HFDA53
317,HFD20X,Hepar-HFDA103X20-2_T00.tiff,HFDA10
318,HFD20X,Hepar-HFDA204X20-2_T11.tiff,HFDA20
319,HFD20X,Hepar-HFDA251X20-1_T02.tiff,HFDA25
320,HFD20X,Hepar-HFDA01X20-2_T01.tiff,HFDA01
321,HFD20X,Hepar-HFDA203X20-1_T00.tiff,HFDA20
322,HFD20X,Hepar-HFDA202X20-1_T00.tiff,HFDA20
323,HFD20X,Hepar-HFDA55X20-1_T12.tiff,HFDA55
324,HFD20X,Hepar-HFDA253X20-1_T12.tiff,HFDA25
325,HFD20X,Hepar-HFDA103X20-3_T01.tiff,HFDA10
326,HFD20X,Hepar-HFDA203X20-1_T02.tiff,HFDA20
327,HFD20X,Hepar-HFDA103X20-3_T02.tiff,HFDA10
328,HFD20X,Hepar-HFDA204X20-2_T10.tiff,HFDA20
329,HFD20X,Hepar-HFDA204X20-1_T02.tiff,HFDA20
330,HFD20X,Hepar-HFDA03X20-3_T10.tiff,HFDA03
331,HFD20X,Hepar-HFDA04X20-1_T10.tiff,HFDA04
332,HFD20X,Hepar-HFDA03X20-1_T11.tiff,HFDA03
333,HFD20X,Hepar-HFDA103X20-4_T11.tiff,HFDA10
334,HFD20X,Hepar-HFDA254X20-2_T12.tiff,HFDA25
335,HFD20X,Hepar-HFDA203X20-1_T11.tiff,HFDA20
336,HFD20X,Hepar-HFDA202X20-1_T10.tiff,HFDA20
337,HFD20X,Hepar-HFDA01X20-1_T01.tiff,HFDA01
338,HFD20X,Hepar-HFDK+220X-3_T01.tiff,
339,HFD20X,Hepar-HFDA03X20-1_T00.tiff,HFDA03
340,HFD20X,Hepar-HFDA03X20-3_T01.tiff,HFDA03
341,HFD20X,Hepar-HFDA01X20-3_T10.tiff,HFDA01
342,HFD20X,Hepar-HFDA01X20-2_T02.tiff,HFDA01
343,HFD20X,Hepar-HFDK+220X-1_T00.tiff,
344,HFD20X,Hepar-HFDA01X20-2_T00.tiff,HFDA01
345,HFD20X,Hepar-HFDA103X20-3_T12.tiff,HFDA10
346,HFD20X,Hepar-HFDA204X20-2_T01.tiff,HFDA20
347,HFD20X,Hepar-HFDK+520X-2_T00.tiff,
348,HFD20X,Hepar-HFDA01X20-1_T00.tiff,HFDA01
349,HFD20X,Hepar-HFDK+520X-1_T11.tiff,
350,HFD20X,Hepar-HFDA105X20-2_T12.tiff,HFDA10
351,HFD20X,Hepar-HFDA03X20-2_T11.tiff,HFDA03
352,HFD20X,Hepar-HFDA201X20-2_T10.tiff,HFDA20
353,HFD20X,Hepar-HFDNaCl120X-1_T01.tiff,HFDNaCl
354,HFD20X,Hepar-HFDA03X20-3_T02.tiff,HFDA03
355,HFD20X,Hepar-HFDA04X20-2_T00.tiff,HFDA04
356,HFD20X,Hepar-HFDA03X20-1_T12.tiff,HFDA03
357,HFD20X,Hepar-HFDA01X20-1_T11.tiff,HFDA01
358,HFD20X,Hepar-HFDA204X20-2_T00.tiff,HFDA20
359,HFD20X,Hepar-HFDA01X20-3_T02.tiff,HFDA01
360,HFD20X,Hepar-HFDA03X20-2_T10.tiff,HFDA03
361,HFD20X,Hepar-HFDK+220X-1_T01.tiff,
362,HFD20X,Hepar-HFDK+520X-2_T11.tiff,
363,HFD20X,Hepar-HFDA04X20-2_T11.tiff,HFDA04
364,HFD20X,Hepar-HFDA04X20-1_T01.tiff,HFDA04
365,HFD20X,Hepar-HFDK+520X-1_T02.tiff,
366,HFD20X,Hepar-HFDA203X20-1_T10.tiff,HFDA20
367,HFD20X,Hepar-HFDK+220X-3_T11.tiff,
368,HFD20X,Hepar-HFDA01X20-2_T12.tiff,HFDA01
369,HFD20X,Hepar-HFDA03X20-2_T02.tiff,HFDA03
370,HFD20X,Hepar-HFDA201X20-1_T10.tiff,HFDA20
371,HFD20X,Hepar-HFDA03X20-2_T00.tiff,HFDA03
372,HFD20X,Hepar-HFDA04X20-2_T12.tiff,HFDA04
373,HFD20X,Hepar-HFDA202X20-1_T12.tiff,HFDA20
374,HFD20X,Hepar-HFDA03X20-3_T12.tiff,HFDA03
375,HFD20X,Hepar-HFDA04X20-1_T12.tiff,HFDA04
376,HFD20X,Hepar-HFDA01X20-1_T12.tiff,HFDA01
377,HFD20X,Hepar-HFDK+220X-3_T00.tiff,
378,HFD20X,Hepar-HFDK+220X-3_T02.tiff,
379,HFD20X,Hepar-HFDNaCl220X-1_T00.tiff,HFDNaCl
380,HFD20X,Hepar-HFDA01X20-3_T12.tiff,HFDA01
381,HFD20X,Hepar-HFDK+520X-2_T02.tiff,
382,HFD20X,Hepar-HFDK+220X-2_T01.tiff,
383,HFD20X,Hepar-HFDK+220X-1_T02.tiff,
384,HFD20X,Hepar-HFDA03X20-3_T00.tiff,HFDA03
385,HFD20X,Hepar-HFDA204X20-2_T12.tiff,HFDA20
386,HFD20X,Hepar-HFDNaCl120X-1_T02.tiff,HFDNaCl
387,HFD20X,Hepar-HFDNaCl120X-2_T01.tiff,HFDNaCl
388,HFD20X,Hepar-HFDA01X20-2_T11.tiff,HFDA01
389,HFD20X,Hepar-HFDA03X20-3_T11.tiff,HFDA03
390,HFD20X,Hepar-HFDA01X20-1_T02.tiff,HFDA01
391,HFD20X,Hepar-HFDNaCl120X-3_T00.tiff,HFDNaCl
392,HFD20X,Hepar-HFDNaCl220X-1_T01.tiff,HFDNaCl
393,HFD20X,Hepar-HFDA201X20-2_T11.tiff,HFDA20
394,HFD20X,Hepar-HFDK+220X-3_T10.tiff,
395,HFD20X,Hepar-HFDNaCl220X-3_T00.tiff,HFDNaCl
396,HFD20X,Hepar-HFDA201X20-1_T11.tiff,HFDA20
397,HFD20X,Hepar-HFDA01X20-1_T10.tiff,HFDA01
398,HFD20X,Hepar-HFDA204X20-1_T12.tiff,HFDA20
399,HFD20X,Hepar-HFDA103X20-2_T12.tiff,HFDA10
400,HFD20X,Hepar-HFDA203X20-1_T12.tiff,HFDA20
401,HFD20X,Hepar-HFDNaCl120X-1_T12.tiff,HFDNaCl
402,HFD20X,Hepar-HFDA202X20-1_T01.tiff,HFDA20
403,HFD20X,Hepar-HFDA204X20-1_T11.tiff,HFDA20
404,HFD20X,Hepar-HFDA04X20-1_T02.tiff,HFDA04
405,HFD20X,Hepar-HFDK+220X-2_T00.tiff,
406,HFD20X,Hepar-HFDNaCl120X-2_T02.tiff,HFDNaCl
407,HFD20X,Hepar-HFDNaCl120X-1_T10.tiff,HFDNaCl
408,HFD20X,Hepar-HFDNaCl120X-2_T00.tiff,HFDNaCl
409,HFD20X,Hepar-HFDNaCl120X-3_T01.tiff,HFDNaCl
410,HFD20X,Hepar-HFDA04X20-2_T10.tiff,HFDA04
411,HFD20X,Hepar-HFDA01X20-2_T10.tiff,HFDA01
412,HFD20X,Hepar-HFDA201X20-1_T12.tiff,HFDA20
413,HFD20X,Hepar-HFDNaCl220X-3_T02.tiff,HFDNaCl
414,HFD20X,Hepar-HFDNaCl120X-1_T11.tiff,HFDNaCl
415,HFD20X,Hepar-HFDK+520X-2_T01.tiff,
416,HFD20X,Hepar-HFDK+220X-2_T02.tiff,
417,HFD20X,Hepar-HFDA03X20-2_T12.tiff,HFDA03
418,HFD20X,Hepar-HFDK+220X-3_T12.tiff,
419,HFD20X,Hepar-HFDA201X20-2_T12.tiff,HFDA20
420,HFD20X,Hepar-HFDNaCl120X-2_T11.tiff,HFDNaCl
421,HFD20X,Hepar-HFDK+220X-1_T10.tiff,
422,HFD20X,Hepar-HFDA01X20-3_T11.tiff,HFDA01
423,HFD20X,Hepar-HFDK+520X-2_T10.tiff,
424,HFD20X,Hepar-HFDNaCl120X-1_T00.tiff,HFDNaCl
425,HFD20X,Hepar-HFDK+220X-1_T11.tiff,
426,HFD20X,Hepar-HFDNaCl220X-2_T00.tiff,HFDNaCl
427,HFD20X,Hepar-HFDK+520X-1_T12.tiff,
428,HFD20X,Hepar-HFDK+220X-2_T11.tiff,
429,HFD20X,Hepar-HFDK+520X-1_T01.tiff,
430,HFD20X,Hepar-HFDNaCl220X-3_T10.tiff,HFDNaCl
431,HFD20X,Hepar-HFDNaCl220X-2_T11.tiff,HFDNaCl
432,HFD20X,Hepar-HFDK+520X-1_T00.tiff,
433,HFD20X,Hepar-HFDNaCl220X-1_T10.tiff,HFDNaCl
434,HFD20X,Hepar-HFDK+220X-2_T10.tiff,
435,HFD20X,Hepar-HFDNaCl220X-1_T12.tiff,HFDNaCl
436,HFD20X,Hepar-HFDNaCl220X-3_T01.tiff,HFDNaCl
437,HFD20X,Hepar-HFDNaCl120X-3_T10.tiff,HFDNaCl
438,HFD20X,Hepar-HFDA04X20-1_T11.tiff,HFDA04
439,HFD20X,Hepar-HFDK+520X-2_T12.tiff,
440,HFD20X,Hepar-HFDNaCl120X-2_T10.tiff,HFDNaCl
441,HFD20X,Hepar-HFDNaCl220X-2_T12.tiff,HFDNaCl
442,HFD20X,Hepar-HFDNaCl220X-1_T02.tiff,HFDNaCl
443,HFD20X,Hepar-HFDNaCl120X-3_T12.tiff,HFDNaCl
444,HFD20X,Hepar-HFDNaCl120X-2_T12.tiff,HFDNaCl
445,HFD20X,Hepar-HFDNaCl220X-2_T02.tiff,HFDNaCl
446,HFD20X,Hepar-HFDNaCl220X-3_T11.tiff,HFDNaCl
447,HFD20X,Hepar-HFDNaCl220X-2_T10.tiff,HFDNaCl
448,HFD20X,Hepar-HFDNaCl120X-3_T02.tiff,HFDNaCl
449,HFD20X,Hepar-HFDNaCl220X-2_T01.tiff,HFDNaCl
450,HFD20X,Hepar-HFDNaCl220X-1_T11.tiff,HFDNaCl
451,HFD20X,Hepar-HFDNaCl120X-3_T11.tiff,HFDNaCl
452,HFD20X,Hepar-HFDK+220X-2_T12.tiff,
453,HFD20X,Hepar-HFDK+520X-1_T10.tiff,
454,HFD20X,Hepar-HFDK+220X-1_T12.tiff,
455,HFD20X,Hepar-HFDNaCl220X-3_T12.tiff,HFDNaCl
456,HFD40X,Hepar-HFDA153X40-1a_T01.tiff,HFDA15
457,HFD40X,Hepar-HFDA254X40-2_T00.tiff,HFDA25
458,HFD40X,Hepar-HFDSIMV3X40-1_T01.tiff,HFDSIMV
459,HFD40X,Hepar-HFDA152X40-1a_T00.tiff,HFDA15
460,HFD40X,Hepar-HFDA254X40-1_T11.tiff,HFDA25
461,HFD40X,Hepar-HFDSIMV2X40-1_T01.tiff,HFDSIMV
462,HFD40X,Hepar-HFDA152X40-1b_T01.tiff,HFDA15
463,HFD40X,Hepar-HFDSIMV2X40-1_T00.tiff,HFDSIMV
464,HFD40X,Hepar-HFDA251X40-1_T10.tiff,HFDA25
465,HFD40X,Hepar-HFDA254X40-1_T01.tiff,HFDA25
466,HFD40X,Hepar-HFDA54X40-1_T02.tiff,HFDA54
467,HFD40X,Hepar-HFDA152X40-1a_T12.tiff,HFDA15
468,HFD40X,Hepar-HFDA53X40-1_T01.tiff,HFDA53
469,HFD40X,Hepar-HFDA53X40-1_T10.tiff,HFDA53
470,HFD40X,Hepar-HFDA53X40-2_T02.tiff,HFDA53
471,HFD40X,Hepar-HFDSIMV2X40-1_T11.tiff,HFDSIMV
472,HFD40X,Hepar-HFDA105X40-2_T01.tiff,HFDA10
473,HFD40X,Hepar-HFDA253X40-1_T10.tiff,HFDA25
474,HFD40X,Hepar-HFDA251X40-1a_T00.tiff,HFDA25
475,HFD40X,Hepar-HFDA153X40-1a_T00.tiff,HFDA15
476,HFD40X,Hepar-HFDA254X40-1_T10.tiff,HFDA25
477,HFD40X,Hepar-HFDA53X40-1_T12.tiff,HFDA53
478,HFD40X,Hepar-HFDA151X40-2_T11.tiff,HFDA15
479,HFD40X,Hepar-HFDA54X40-1_T11.tiff,HFDA54
480,HFD40X,Hepar-HFDA54X40-1_T00.tiff,HFDA54
481,HFD40X,Hepar-HFDA105X40-1_T10.tiff,HFDA10
482,HFD40X,Hepar-HFDSIMV3X40-1_T02.tiff,HFDSIMV
483,HFD40X,Hepar-HFDA254X40-1_T02.tiff,HFDA25
484,HFD40X,Hepar-HFDA53X40-2_T11.tiff,HFDA53
485,HFD40X,Hepar-HFDA152X40-1b_T02.tiff,HFDA15
486,HFD40X,Hepar-HFDA254X40-2_T01.tiff,HFDA25
487,HFD40X,Hepar-HFDA53X40-1_T00.tiff,HFDA53
488,HFD40X,Hepar-HFDA151X40-1_T00.tiff,HFDA15
489,HFD40X,Hepar-HFDA104X40-1_T00.tiff,HFDA10
490,HFD40X,Hepar-HFDA254X40-2_T12.tiff,HFDA25
491,HFD40X,Hepar-HFDSIMV3X40-1_T10.tiff,HFDSIMV
492,HFD40X,Hepar-HFDA152X40-1b_T12.tiff,HFDA15
493,HFD40X,Hepar-HFDA53X40-1_T02.tiff,HFDA53
494,HFD40X,Hepar-HFDA153X40-1a_T12.tiff,HFDA15
495,HFD40X,Hepar-HFDA254X40-1_T00.tiff,HFDA25
496,HFD40X,Hepar-HFDA254X40-4_T12.tiff,HFDA25
497,HFD40X,Hepar-HFDA151X40-2_T02.tiff,HFDA15
498,HFD40X,Hepar-HFDA254X40-2_T11.tiff,HFDA25
499,HFD40X,Hepar-HFDA105X40-1_T01.tiff,HFDA10
500,HFD40X,Hepar-HFDA53X40-3_T01.tiff,HFDA53
501,HFD40X,Hepar-HFDA253X40-1_T00.tiff,HFDA25
502,HFD40X,Hepar-HFDA152X40-1a_T02.tiff,HFDA15
503,HFD40X,Hepar-HFDA254X40-4_T02.tiff,HFDA25
504,HFD40X,Hepar-HFDA254X40-1_T12.tiff,HFDA25
505,HFD40X,Hepar-HFDA251X40-1_T11.tiff,HFDA25
506,HFD40X,Hepar-HFDA105X40-2_T00.tiff,HFDA10
507,HFD40X,Hepar-HFDA152X40-1b_T10.tiff,HFDA15
508,HFD40X,Hepar-HFDA251X40-1_T02.tiff,HFDA25
509,HFD40X,Hepar-HFDA105X40-1_T11.tiff,HFDA10
510,HFD40X,Hepar-HFDA251X40-1_T12.tiff,HFDA25
511,HFD40X,Hepar-HFDA53X40-3_T00.tiff,HFDA53
512,HFD40X,Hepar-HFDA103X40-4_T00.tiff,HFDA10
513,HFD40X,Hepar-HFDA251X40-1_T01.tiff,HFDA25
514,HFD40X,Hepar-HFDA254X40-4_T00.tiff,HFDA25
515,HFD40X,Hepar-HFDA254X40-2_T02.tiff,HFDA25
516,HFD40X,Hepar-HFDA53X40-2_T10.tiff,HFDA53
517,HFD40X,Hepar-HFDA153X40-1a_T11.tiff,HFDA15
518,HFD40X,Hepar-HFDA105X40-2_T10.tiff,HFDA10
519,HFD40X,Hepar-HFDA151X40-2_T01.tiff,HFDA15
520,HFD40X,Hepar-HFDA151X40-2_T12.tiff,HFDA15
521,HFD40X,Hepar-HFDA151X40-2_T10.tiff,HFDA15
522,HFD40X,Hepar-HFDSIMV2X40-1_T02.tiff,HFDSIMV
523,HFD40X,Hepar-HFDA151X40-2_T00.tiff,HFDA15
524,HFD40X,Hepar-HFDA54X40-1_T01.tiff,HFDA54
525,HFD40X,Hepar-HFDA105X40-2_T11.tiff,HFDA10
526,HFD40X,Hepar-HFDA152X40-1b_T11.tiff,HFDA15
527,HFD40X,Hepar-HFDA54X40-1_T12.tiff,HFDA54
528,HFD40X,Hepar-HFDA53X40-1_T11.tiff,HFDA53
529,HFD40X,Hepar-HFDA53X40-2_T01.tiff,HFDA53
530,HFD40X,Hepar-HFDA104X40-1_T01.tiff,HFDA10
531,HFD40X,Hepar-HFDSIMV2X40-1_T12.tiff,HFDSIMV
532,HFD40X,Hepar-HFDA152X40-1a_T10.tiff,HFDA15
533,HFD40X,Hepar-HFDA254X40-4_T10.tiff,HFDA25
534,HFD40X,Hepar-HFDA254X40-3_T00.tiff,HFDA25
535,HFD40X,Hepar-HFDA153X40-1a_T02.tiff,HFDA15
536,HFD40X,Hepar-HFDA53X40-3_T02.tiff,HFDA53
537,HFD40X,Hepar-HFDA53X40-3_T12.tiff,HFDA53
538,HFD40X,Hepar-HFDA251X40-1_T00.tiff,HFDA25
539,HFD40X,Hepar-HFDA253X40-1_T01.tiff,HFDA25
540,HFD40X,Hepar-HFDA254X40-4_T11.tiff,HFDA25
541,HFD40X,Hepar-HFDA254X40-2_T10.tiff,HFDA25
542,HFD40X,Hepar-HFDA103X40-2_T00.tiff,HFDA10
543,HFD40X,Hepar-HFDA254X40-4_T01.tiff,HFDA25
544,HFD40X,Hepar-HFDA202X40-1a_T02.tiff,HFDA20
545,HFD40X,Hepar-HFDA253X40-1_T02.tiff,HFDA25
546,HFD40X,Hepar-HFDA251X40-1a_T10.tiff,HFDA25
547,HFD40X,Hepar-HFDA104X40-1_T02.tiff,HFDA10
548,HFD40X,Hepar-HFDA105X40-1_T02.tiff,HFDA10
549,HFD40X,Hepar-HFDSIMV3X40-1_T00.tiff,HFDSIMV
550,HFD40X,Hepar-HFDA204X40-1_T00.tiff,HFDA20
551,HFD40X,Hepar-HFDA202X40-1a_T10.tiff,HFDA20
552,HFD40X,Hepar-HFDA254X40-3_T01.tiff,HFDA25
553,HFD40X,Hepar-HFDA152X40-1b_T00.tiff,HFDA15
554,HFD40X,Hepar-HFDA202X40-1a_T00.tiff,HFDA20
555,HFD40X,Hepar-HFDA251X40-1a_T02.tiff,HFDA25
556,HFD40X,Hepar-HFDA152X40-1a_T11.tiff,HFDA15
557,HFD40X,Hepar-HFDSIMV3X40-1_T12.tiff,HFDSIMV
558,HFD40X,Hepar-HFDA153X40-1b_T00.tiff,HFDA15
559,HFD40X,Hepar-HFDA53X40-3_T10.tiff,HFDA53
560,HFD40X,Hepar-HFDA152X40-1a_T01.tiff,HFDA15
561,HFD40X,Hepar-HFDA153X40-1a_T10.tiff,HFDA15
562,HFD40X,Hepar-HFDA103X40-2_T01.tiff,HFDA10
563,HFD40X,Hepar-HFDSIMV2X40-1_T10.tiff,HFDSIMV
564,HFD40X,Hepar-HFDA104X40-1_T11.tiff,HFDA10
565,HFD40X,Hepar-HFDA151X40-1_T10.tiff,HFDA15
566,HFD40X,Hepar-HFDA105X40-2_T02.tiff,HFDA10
567,HFD40X,Hepar-HFDA251X40-1a_T01.tiff,HFDA25
568,HFD40X,Hepar-HFDA104X40-2_T01.tiff,HFDA10
569,HFD40X,Hepar-HFDA253X40-1_T12.tiff,HFDA25
570,HFD40X,Hepar-HFDA53X40-2_T00.tiff,HFDA53
571,HFD40X,Hepar-HFDA202X40-1a_T11.tiff,HFDA20
572,HFD40X,Hepar-HFDA53X40-3_T11.tiff,HFDA53
573,HFD40X,Hepar-HFDA103X40-4_T10.tiff,HFDA10
574,HFD40X,Hepar-HFDA103X40-4_T01.tiff,HFDA10
575,HFD40X,Hepar-HFDA202X40-1_T00.tiff,HFDA20
576,HFD40X,Hepar-HFDA202X40-1a_T01.tiff,HFDA20
577,HFD40X,Hepar-HFDA201X40-2_T01.tiff,HFDA20
578,HFD40X,Hepar-HFDA103X40-3_T00.tiff,HFDA10
579,HFD40X,Hepar-HFDA151X40-1_T02.tiff,HFDA15
580,HFD40X,Hepar-HFDA104X40-1_T12.tiff,HFDA10
581,HFD40X,Hepar-HFDA54X40-1_T10.tiff,HFDA54
582,HFD40X,Hepar-HFDA03X40-1_T00.tiff,HFDA03
583,HFD40X,Hepar-HFDA04X40-2_T00.tiff,HFDA04
584,HFD40X,Hepar-HFDA105X40-1_T12.tiff,HFDA10
585,HFD40X,Hepar-HFDA105X40-1_T00.tiff,HFDA10
586,HFD40X,Hepar-HFDA204X40-2_T10.tiff,HFDA20
587,HFD40X,Hepar-HFDA151X40-1_T11.tiff,HFDA15
588,HFD40X,Hepar-HFDA202X40-1_T01.tiff,HFDA20
589,HFD40X,Hepar-HFDA202X40-1_T12.tiff,HFDA20
590,HFD40X,Hepar-HFDA153X40-1b_T10.tiff,HFDA15
591,HFD40X,Hepar-HFDA201X40-1_T00.tiff,HFDA20
592,HFD40X,Hepar-HFDA203X40-1_T00.tiff,HFDA20
593,HFD40X,Hepar-HFDA104X40-2_T00.tiff,HFDA10
594,HFD40X,Hepar-HFDA204X40-1_T02.tiff,HFDA20
595,HFD40X,Hepar-HFDA01X40-3_T01.tiff,HFDA01
596,HFD40X,Hepar-HFDA204X40-2_T01.tiff,HFDA20
597,HFD40X,Hepar-HFDA153X40-1b_T02.tiff,HFDA15
598,HFD40X,Hepar-HFDA151X40-1_T01.tiff,HFDA15
599,HFD40X,Hepar-HFDA104X40-1_T10.tiff,HFDA10
600,HFD40X,Hepar-HFDA201X40-2_T00.tiff,HFDA20
601,HFD40X,Hepar-HFDA204X40-2_T00.tiff,HFDA20
602,HFD40X,Hepar-HFDA153X40-1b_T01.tiff,HFDA15
603,HFD40X,Hepar-HFDA104X40-2_T12.tiff,HFDA10
604,HFD40X,Hepar-HFDA04X40-1_T01.tiff,HFDA04
605,HFD40X,Hepar-HFDA254X40-3_T11.tiff,HFDA25
606,HFD40X,Hepar-HFDA04X40-1_T00.tiff,HFDA04
607,HFD40X,Hepar-HFDA202X40-1_T11.tiff,HFDA20
608,HFD40X,Hepar-HFDA253X40-1_T11.tiff,HFDA25
609,HFD40X,Hepar-HFDA103X40-4_T02.tiff,HFDA10
610,HFD40X,Hepar-HFDA104X40-2_T10.tiff,HFDA10
611,HFD40X,Hepar-HFDA201X40-1_T02.tiff,HFDA20
612,HFD40X,Hepar-HFDA104X40-2_T11.tiff,HFDA10
613,HFD40X,Hepar-HFDA103X40-2_T10.tiff,HFDA10
614,HFD40X,Hepar-HFDA01X40-1_T01.tiff,HFDA01
615,HFD40X,Hepar-HFDSIMV3X40-1_T11.tiff,HFDSIMV
616,HFD40X,Hepar-HFDA03X40-3_T00.tiff,HFDA03
617,HFD40X,Hepar-HFDA251X40-1a_T12.tiff,HFDA25
618,HFD40X,Hepar-HFDA03X40-1_T10.tiff,HFDA03
619,HFD40X,Hepar-HFDA203X40-1_T11.tiff,HFDA20
620,HFD40X,Hepar-HFDA203X40-1_T02.tiff,HFDA20
621,HFD40X,Hepar-HFDA204X40-1_T01.tiff,HFDA20
622,HFD40X,Hepar-HFDA103X40-2_T11.tiff,HFDA10
623,HFD40X,Hepar-HFDA202X40-1_T02.tiff,HFDA20
624,HFD40X,Hepar-HFDA201X40-2_T11.tiff,HFDA20
625,HFD40X,Hepar-HFDA204X40-1_T11.tiff,HFDA20
626,HFD40X,Hepar-HFDA201X40-2_T02.tiff,HFDA20
627,HFD40X,Hepar-normal40X-1_T00.tiff,normal
628,HFD40X,Hepar-HFDA254X40-3_T02.tiff,HFDA25
629,HFD40X,Hepar-HFDA254X40-3_T12.tiff,HFDA25
630,HFD40X,Hepar-HFDA03X40-3_T01.tiff,HFDA03
631,HFD40X,Hepar-HFDA105X40-2_T12.tiff,HFDA10
632,HFD40X,Hepar-HFDA04X40-1_T02.tiff,HFDA04
633,HFD40X,Hepar-HFDA53X40-2_T12.tiff,HFDA53
634,HFD40X,Hepar-HFDA204X40-1_T10.tiff,HFDA20
635,HFD40X,Hepar-HFDA03X40-2_T00.tiff,HFDA03
636,HFD40X,Hepar-HFDA03X40-3_T02.tiff,HFDA03
637,HFD40X,Hepar-HFDA153X40-1b_T12.tiff,HFDA15
638,HFD40X,Hepar-HFDA201X40-1_T01.tiff,HFDA20
639,HFD40X,Hepar-HFDA201X40-2_T10.tiff,HFDA20
640,HFD40X,Hepar-HFDA103X40-4_T12.tiff,HFDA10
641,HFD40X,Hepar-HFDA251X40-1a_T11.tiff,HFDA25
642,HFD40X,Hepar-HFDA202X40-1a_T12.tiff,HFDA20
643,HFD40X,Hepar-HFDA204X40-2_T02.tiff,HFDA20
644,HFD40X,Hepar-HFDA202X40-1_T10.tiff,HFDA20
645,HFD40X,Hepar-HFDA01X40-3_T00.tiff,HFDA01
646,HFD40X,Hepar-HFDA03X40-1_T02.tiff,HFDA03
647,HFD40X,Hepar-HFDA103X40-2_T02.tiff,HFDA10
648,HFD40X,Hepar-HFDA03X40-3_T12.tiff,HFDA03
649,HFD40X,Hepar-HFDA103X40-3_T02.tiff,HFDA10
650,HFD40X,Hepar-HFDA103X40-3_T01.tiff,HFDA10
651,HFD40X,Hepar-HFDA03X40-3_T10.tiff,HFDA03
652,HFD40X,Hepar-HFDA04X40-1_T11.tiff,HFDA04
653,HFD40X,Hepar-HFDA04X40-2_T11.tiff,HFDA04
654,HFD40X,Hepar-HFDA201X40-2_T12.tiff,HFDA20
655,HFD40X,Hepar-HFDK+240X-3_T00.tiff,
656,HFD40X,Hepar-HFDA03X40-1_T01.tiff,HFDA03
657,HFD40X,Hepar-HFDA103X40-2_T12.tiff,HFDA10
658,HFD40X,Hepar-HFDA104X40-2_T02.tiff,HFDA10
659,HFD40X,Hepar-HFDA03X40-3_T11.tiff,HFDA03
660,HFD40X,Hepar-HFDA151X40-1_T12.tiff,HFDA15
661,HFD40X,Hepar-HFDA203X40-1_T10.tiff,HFDA20
662,HFD40X,Hepar-HFDA201X40-1_T10.tiff,HFDA20
663,HFD40X,Hepar-HFDA04X40-1_T10.tiff,HFDA04
664,HFD40X,Hepar-HFDK+240X-3_T01.tiff,
665,HFD40X,Hepar-normal40X-1_T10.tiff,normal
666,HFD40X,Hepar-HFDA103X40-3_T10.tiff,HFDA10
667,HFD40X,Hepar-HFDA254X40-3_T10.tiff,HFDA25
668,HFD40X,Hepar-HFDA03X40-2_T01.tiff,HFDA03
669,HFD40X,Hepar-HFDA203X40-1_T01.tiff,HFDA20
670,HFD40X,Hepar-HFDA03X40-2_T10.tiff,HFDA03
671,HFD40X,Hepar-HFDA01X40-1_T10.tiff,HFDA01
672,HFD40X,Hepar-HFDA201X40-1_T11.tiff,HFDA20
673,HFD40X,Hepar-HFDA03X40-1_T11.tiff,HFDA03
674,HFD40X,Hepar-HFDA04X40-2_T02.tiff,HFDA04
675,HFD40X,Hepar-HFDA04X40-2_T10.tiff,HFDA04
676,HFD40X,Hepar-normal40X-3_T11.tiff,normal
677,HFD40X,Hepar-HFDA04X40-2_T01.tiff,HFDA04
678,HFD40X,Hepar-normal40X-3_T12.tiff,normal
679,HFD40X,Hepar-HFDA204X40-2_T11.tiff,HFDA20
680,HFD40X,Hepar-HFDNaCl240X-1_T00.tiff,HFDNaCl
681,HFD40X,Hepar-HFDK+240X-1_T00.tiff,
682,HFD40X,Hepar-HFDK+240X-1_T01.tiff,
683,HFD40X,Hepar-HFDA03X40-1_T12.tiff,HFDA03
684,HFD40X,Hepar-HFDK+540X-2_T00.tiff,
685,HFD40X,Hepar-HFDA153X40-1b_T11.tiff,HFDA15
686,HFD40X,Hepar-HFDNaCl240X-3_T00.tiff,HFDNaCl
687,HFD40X,Hepar-HFDNaCl140X-2_T00.tiff,HFDNaCl
688,HFD40X,Hepar-HFDA01X40-3_T12.tiff,HFDA01
689,HFD40X,Hepar-HFDA01X40-1_T00.tiff,HFDA01
690,HFD40X,Hepar-HFDA103X40-4_T11.tiff,HFDA10
691,HFD40X,Hepar-normal40X-3_T01.tiff,normal
692,HFD40X,Hepar-HFDA01X40-3_T02.tiff,HFDA01
693,HFD40X,Hepar-HFDNaCl240X-3_T01.tiff,HFDNaCl
694,HFD40X,Hepar-HFDNaCl140X-3_T00.tiff,HFDNaCl
695,HFD40X,Hepar-HFDA01X40-3_T10.tiff,HFDA01
696,HFD40X,Hepar-HFDK+240X-3_T02.tiff,
697,HFD40X,Hepar-normal40X-3_T02.tiff,normal
698,HFD40X,Hepar-HFDK+540X-1_T01.tiff,
699,HFD40X,Hepar-normal40X-3_T00.tiff,normal
700,HFD40X,Hepar-normal40X-2_T10.tiff,normal
701,HFD40X,Hepar-HFDNaCl140X-1_T01.tiff,HFDNaCl
702,HFD40X,Hepar-HFDA03X40-2_T11.tiff,HFDA03
703,HFD40X,Hepar-HFDA04X40-2_T12.tiff,HFDA04
704,HFD40X,Hepar-HFDNaCl140X-1_T00.tiff,HFDNaCl
705,HFD40X,Hepar-HFDK+240X-2_T00.tiff,
706,HFD40X,Hepar-normal40X-3_T10.tiff,normal
707,HFD40X,Hepar-HFDNaCl240X-1_T11.tiff,HFDNaCl
708,HFD40X,Hepar-HFDA204X40-2_T12.tiff,HFDA20
709,HFD40X,Hepar-HFDA03X40-2_T02.tiff,HFDA03
710,HFD40X,Hepar-normal40X-1_T02.tiff,normal
711,HFD40X,Hepar-HFDNaCl240X-1_T01.tiff,HFDNaCl
712,HFD40X,Hepar-HFDNaCl240X-3_T11.tiff,HFDNaCl
713,HFD40X,Hepar-HFDA01X40-1_T12.tiff,HFDA01
714,HFD40X,Hepar-HFDA01X40-2_T00.tiff,HFDA01
715,HFD40X,Hepar-HFDNaCl240X-1_T02.tiff,HFDNaCl
716,HFD40X,Hepar-HFDNaCl240X-2_T02.tiff,HFDNaCl
717,HFD40X,Hepar-HFDNaCl140X-3_T01.tiff,HFDNaCl
718,HFD40X,Hepar-HFDA103X40-3_T12.tiff,HFDA10
719,HFD40X,Hepar-HFDK+540X-1_T00.tiff,
720,HFD40X,Hepar-HFDNaCl240X-2_T12.tiff,HFDNaCl
721,HFD40X,Hepar-normal40X-2_T00.tiff,normal
722,HFD40X,Hepar-HFDA01X40-2_T10.tiff,HFDA01
723,HFD40X,Hepar-normal40X-2_T01.tiff,normal
724,HFD40X,Hepar-HFDA204X40-1_T12.tiff,HFDA20
725,HFD40X,Hepar-HFDA03X40-2_T12.tiff,HFDA03
726,HFD40X,Hepar-HFDK+540X-2_T01.tiff,
727,HFD40X,Hepar-HFDNaCl240X-2_T00.tiff,HFDNaCl
728,HFD40X,Hepar-HFDA01X40-2_T11.tiff,HFDA01
729,HFD40X,Hepar-normal40X-2_T02.tiff,normal
730,HFD40X,Hepar-HFDNaCl140X-2_T11.tiff,HFDNaCl
731,HFD40X,Hepar-normal40X-1_T01.tiff,normal
732,HFD40X,Hepar-HFDNaCl140X-1_T02.tiff,HFDNaCl
733,HFD40X,Hepar-normal40X-2_T11.tiff,normal
734,HFD40X,Hepar-HFDK+540X-2_T12.tiff,
735,HFD40X,Hepar-HFDNaCl140X-2_T10.tiff,HFDNaCl
736,HFD40X,Hepar-HFDNaCl140X-1_T10.tiff,HFDNaCl
737,HFD40X,Hepar-HFDK+240X-1_T10.tiff,
738,HFD40X,Hepar-HFDK+240X-3_T10.tiff,
739,HFD40X,Hepar-HFDA103X40-3_T11.tiff,HFDA10
740,HFD40X,Hepar-HFDK+240X-1_T02.tiff,
741,HFD40X,Hepar-HFDA01X40-2_T12.tiff,HFDA01
742,HFD40X,Hepar-HFDK+540X-2_T02.tiff,
743,HFD40X,Hepar-HFDK+240X-1_T11.tiff,
744,HFD40X,Hepar-HFDA01X40-3_T11.tiff,HFDA01
745,HFD40X,Hepar-HFDNaCl140X-3_T02.tiff,HFDNaCl
746,HFD40X,Hepar-normal40X-2_T12.tiff,normal
747,HFD40X,Hepar-HFDNaCl140X-3_T11.tiff,HFDNaCl
748,HFD40X,Hepar-HFDNaCl240X-1_T12.tiff,HFDNaCl
749,HFD40X,Hepar-HFDA01X40-1_T11.tiff,HFDA01
750,HFD40X,Hepar-HFDK+240X-3_T12.tiff,
751,HFD40X,Hepar-HFDNaCl140X-2_T01.tiff,HFDNaCl
752,HFD40X,Hepar-HFDK+240X-3_T11.tiff,
753,HFD40X,Hepar-HFDK+540X-1_T11.tiff,
754,HFD40X,Hepar-HFDNaCl140X-2_T02.tiff,HFDNaCl
755,HFD40X,Hepar-HFDNaCl240X-2_T10.tiff,HFDNaCl
756,HFD40X,Hepar-HFDA203X40-1_T12.tiff,HFDA20
757,HFD40X,Hepar-HFDNaCl240X-2_T01.tiff,HFDNaCl
758,HFD40X,Hepar-HFDNaCl240X-1_T10.tiff,HFDNaCl
759,HFD40X,Hepar-HFDK+540X-1_T10.tiff,
760,HFD40X,Hepar-HFDK+540X-1_T12.tiff,
761,HFD40X,Hepar-HFDK+540X-1_T02.tiff,
762,HFD40X,Hepar-normal40X-1_T11.tiff,normal
763,HFD40X,Hepar-HFDA04X40-1_T12.tiff,HFDA04
764,HFD40X,Hepar-normal40X-1_T12.tiff,normal
765,HFD40X,Hepar-HFDK+240X-1_T12.tiff,
766,HFD40X,Hepar-HFDK+540X-2_T10.tiff,
767,HFD40X,Hepar-HFDNaCl240X-3_T12.tiff,HFDNaCl
768,HFD40X,Hepar-HFDA01X40-1_T02.tiff,HFDA01
769,HFD40X,Hepar-HFDK+240X-2_T11.tiff,
770,HFD40X,Hepar-HFDNaCl240X-3_T10.tiff,HFDNaCl
771,HFD40X,Hepar-HFDNaCl240X-2_T11.tiff,HFDNaCl
772,HFD40X,Hepar-HFDK+240X-2_T02.tiff,
773,HFD40X,Hepar-HFDNaCl140X-3_T10.tiff,HFDNaCl
774,HFD40X,Hepar-HFDA201X40-1_T12.tiff,HFDA20
775,HFD40X,Hepar-HFDNaCl140X-1_T12.tiff,HFDNaCl
776,HFD40X,Hepar-HFDA01X40-2_T01.tiff,HFDA01
777,HFD40X,Hepar-HFDNaCl140X-3_T12.tiff,HFDNaCl
778,HFD40X,Hepar-HFDA01X40-2_T02.tiff,HFDA01
779,HFD40X,Hepar-HFDNaCl240X-3_T02.tiff,HFDNaCl
780,HFD40X,Hepar-HFDNaCl140X-2_T12.tiff,HFDNaCl
781,HFD40X,Hepar-HFDK+240X-2_T10.tiff,
782,HFD40X,Hepar-HFDK+540X-2_T11.tiff,
783,HFD40X,Hepar-HFDK+240X-2_T01.tiff,
784,HFD40X,Hepar-HFDNaCl140X-1_T11.tiff,HFDNaCl
785,HFD40X,Hepar-HFDK+240X-2_T12.tiff,
786,ND200X,HeparNDA5.3200x2_T01.tiff,NDA5
787,ND200X,HeparNDA5.2200x1_T01.tiff,NDA5
788,ND200X,HeparND4200x1_T02.tiff,ND
789,ND200X,HeparNDA0.2200x2_T01.tiff,NDA0
790,ND200X,HeparNDA0.4200x_T00.tiff,NDA0
791,ND200X,HeparNDA0.4200x_T01.tiff,NDA0
792,ND200X,HeparNDA0.2200x1_T02.tiff,NDA0
793,ND200X,HeparNDA0.3200x1_T00.tiff,NDA0
794,ND200X,HeparND4200x_T01.tiff,ND
795,ND200X,HeparND4200x2_T00.tiff,ND
796,ND200X,HeparNDA0.1200x2_T00.tiff,NDA0
797,ND200X,HeparNDA5.2200x1_T00.tiff,NDA5
798,ND200X,HeparNDA0.4200x_T02.tiff,NDA0
799,ND200X,HeparND4200x1_T10.tiff,ND
800,ND200X,HeparNDA5.1200x_T00.tiff,NDA5
801,ND200X,HeparND4200x1_T11.tiff,ND
802,ND200X,HeparNDA0.2200x_T02.tiff,NDA0
803,ND200X,HeparNDA5.3200x_T00.tiff,NDA5
804,ND200X,HeparNDA0.1200x2_T10.tiff,NDA0
805,ND200X,HeparNDA5.2200x_T00.tiff,NDA5
806,ND200X,HeparNDA5.3200x2_T10.tiff,NDA5
807,ND200X,HeparND4200x1_T01.tiff,ND
808,ND200X,HeparNDA5.2200x1_T02.tiff,NDA5
809,ND200X,HeparNDA5.1200x_T11.tiff,NDA5
810,ND200X,HeparND4200x1_T00.tiff,ND
811,ND200X,HeparND4200x2_T01.tiff,ND
812,ND200X,HeparNDA0.2200x_T00.tiff,NDA0
813,ND200X,HeparNDA0.4200x_T10.tiff,NDA0
814,ND200X,HeparNDA5.4200x1_T01.tiff,NDA5
815,ND200X,HeparNDA0.3200x1_T02.tiff,NDA0
816,ND200X,HeparNDA0.2200x1_T01.tiff,NDA0
817,ND200X,HeparNDA0.1200x2_T12.tiff,NDA0
818,ND200X,HeparNDA0.2200x_T01.tiff,NDA0
819,ND200X,HeparNDA5.3200x_T01.tiff,NDA5
820,ND200X,HeparNDA5.4200x_T01.tiff,NDA5
821,ND200X,HeparNDA5.1200x_T02.tiff,NDA5
822,ND200X,HeparNDA5.3200x2_T02.tiff,NDA5
823,ND200X,HeparNDA5.4200x1_T00.tiff,NDA5
824,ND200X,HeparNDA5.4200x1_T02.tiff,NDA5
825,ND200X,HeparNDA0.4200x_T11.tiff,NDA0
826,ND200X,HeparNDA0.2200x_T10.tiff,NDA0
827,ND200X,HeparNDA5.1200x_T01.tiff,NDA5
828,ND200X,HeparNDA0.3200x1_T10.tiff,NDA0
829,ND200X,HeparNDA0.2200x2_T02.tiff,NDA0
830,ND200X,HeparNDA5.3200x2_T00.tiff,NDA5
831,ND200X,HeparND4200x_T00.tiff,ND
832,ND200X,HeparNDA5.3200x_T10.tiff,NDA5
833,ND200X,HeparNDA0.2200x1_T11.tiff,NDA0
834,ND200X,HeparND4200x_T10.tiff,ND
835,ND200X,HeparND4200x_T02.tiff,ND
836,ND200X,HeparNDA0.3200x_T00.tiff,NDA0
837,ND200X,HeparNDA0.3200x1_T01.tiff,NDA0
838,ND200X,HeparNDA0.1200x2_T11.tiff,NDA0
839,ND200X,HeparNDA0.2200x1_T12.tiff,NDA0
840,ND200X,HeparNDA0.1200x2_T01.tiff,NDA0
841,ND200X,HeparND4200x_T11.tiff,ND
842,ND200X,HeparNDA5.4200x_T00.tiff,NDA5
843,ND200X,HeparNDA0.2200x1_T10.tiff,NDA0
844,ND200X,HeparNDA0.2200x1_T00.tiff,NDA0
845,ND200X,HeparNDA0.3200x1_T12.tiff,NDA0
846,ND200X,HeparND4200x2_T10.tiff,ND
847,ND200X,HeparNDA0.2200x2_T00.tiff,NDA0
848,ND200X,HeparNDA0.1200x2_T02.tiff,NDA0
849,ND200X,HeparNDA0.4200x_T12.tiff,NDA0
850,ND200X,HeparNDA5.3200x_T02.tiff,NDA5
851,ND200X,HeparNDA5.1200x_T10.tiff,NDA5
852,ND200X,HeparNDA0.3200x1_T11.tiff,NDA0
853,ND200X,HeparNDA5.3200x2_T11.tiff,NDA5
854,ND200X,HeparNDA5.4200x_T10.tiff,NDA5
855,ND200X,HeparNDA5.1200x1_T00.tiff,NDA5
856,ND200X,HeparND4200x2_T02.tiff,ND
857,ND200X,HeparND4200x1_T12.tiff,ND
858,ND200X,HeparNDA0.2200x2_T10.tiff,NDA0
859,ND200X,HeparNDA0.2200x_T12.tiff,NDA0
860,ND200X,HeparNDA5.2200x1_T12.tiff,NDA5
861,ND200X,HeparNDA0.3200x_T02.tiff,NDA0
862,ND200X,HeparNDA5.2200x1_T11.tiff,NDA5
863,ND200X,HeparNDA0.2200x_T11.tiff,NDA0
864,ND200X,HeparNDA5.1200x1_T01.tiff,NDA5
865,ND200X,HeparNDA0.1200x1_T00.tiff,NDA0
866,ND200X,HeparNDA0.1200x1_T01.tiff,NDA0
867,ND200X,HeparNDA5.1200x_T12.tiff,NDA5
868,ND200X,HeparNDA25.4200x_T00.tiff,NDA25
869,ND200X,HeparNDA0.1200x_T01.tiff,NDA0
870,ND200X,HeparNDA5.2200x_T01.tiff,NDA5
871,ND200X,HeparNDA5.1200x1_T02.tiff,NDA5
872,ND200X,HeparNDA25.4200x2_T00.tiff,NDA25
873,ND200X,HeparNDA0.1200x1_T10.tiff,NDA0
874,ND200X,HeparNDA5.4200x_T02.tiff,NDA5
875,ND200X,HeparNDA25.2200x_T01.tiff,NDA25
876,ND200X,HeparNDA5.1200x1_T12.tiff,NDA5
877,ND200X,HeparNDA5.4200x_T11.tiff,NDA5
878,ND200X,HeparNDA5.3200x1_T01.tiff,NDA5
879,ND200X,HeparNDA5.3200x1_T02.tiff,NDA5
880,ND200X,HeparNDA5.2200x_T10.tiff,NDA5
881,ND200X,HeparNDA0.3200x_T01.tiff,NDA0
882,ND200X,HeparND4200x_T12.tiff,ND
883,ND200X,HeparNDA5.3200x_T11.tiff,NDA5
884,ND200X,HeparNDA5.2200x_T11.tiff,NDA5
885,ND200X,HeparNDA0.1200x_T00.tiff,NDA0
886,ND200X,HeparNDA25.2200x_T00.tiff,NDA25
887,ND200X,HeparNDA5.2200x_T02.tiff,NDA5
888,ND200X,HeparNDA25.3200x2_T00.tiff,NDA25
889,ND200X,HeparNDA0.3200x_T10.tiff,NDA0
890,ND200X,HeparNDA25.1200x_T00.tiff,NDA25
891,ND200X,HeparNDA25.4200x_T01.tiff,NDA25
892,ND200X,HeparNDA25.4200x2_T01.tiff,NDA25
893,ND200X,HeparNDA5.3200x1_T00.tiff,NDA5
894,ND200X,HeparNDA25.1200x3_T00.tiff,NDA25
895,ND200X,HeparNDA25.3200x2_T01.tiff,NDA25
896,ND200X,HeparNDA0.1200x1_T02.tiff,NDA0
897,ND200X,HeparNDA5.2200x1_T10.tiff,NDA5
898,ND200X,HeparNDA5.4200x1_T10.tiff,NDA5
899,ND200X,HeparND4200x2_T11.tiff,ND
900,ND200X,HeparNDA0.2200x2_T12.tiff,NDA0
901,ND200X,HeparNDA0.2200x2_T11.tiff,NDA0
902,ND200X,HeparNDA25.3200x1_T01.tiff,NDA25
903,ND200X,HeparNDA5.4200x1_T12.tiff,NDA5
904,ND200X,HeparNDA0.1200x_T02.tiff,NDA0
905,ND200X,HeparNDA0.3200x_T12.tiff,NDA0
906,ND200X,HeparNDA25.2200x_T02.tiff,NDA25
907,ND200X,HeparNDA5.3200x2_T12.tiff,NDA5
908,ND200X,HeparNDA25.3200x1_T00.tiff,NDA25
909,ND200X,HeparNDA5.4200x1_T11.tiff,NDA5
910,ND200X,HeparNDA5.2200x_T12.tiff,NDA5
911,ND200X,HeparNDA25.1200x_T01.tiff,NDA25
912,ND200X,HeparNDA25.1200x2_T00.tiff,NDA25
913,ND200X,HeparNDA5.4200x_T12.tiff,NDA5
914,ND200X,HeparNDA0.1200x1_T12.tiff,NDA0
915,ND200X,HeparNDA5.1200x1_T11.tiff,NDA5
916,ND200X,HeparND4200x2_T12.tiff,ND
917,ND200X,HeparNDA25.1200x2_T01.tiff,NDA25
918,ND200X,HeparNDA0.3200x_T11.tiff,NDA0
919,ND200X,HeparNDA5.3200x_T12.tiff,NDA5
920,ND200X,HeparNDA25.4200x_T02.tiff,NDA25
921,ND200X,HeparNDA25.1200x1_T01.tiff,NDA25
922,ND200X,HeparNDA25.1200x1_T00.tiff,NDA25
923,ND200X,HeparNDA25.2200x1_T00.tiff,NDA25
924,ND200X,HeparNDA25.4200x_T10.tiff,NDA25
925,ND200X,HeparNDA5.3200x1_T10.tiff,NDA5
926,ND200X,HeparNDA25.1200x3_T10.tiff,NDA25
927,ND200X,HeparNDA25.3200x_T01.tiff,NDA25
928,ND200X,HeparNDA25.4200x_T12.tiff,NDA25
929,ND200X,HeparNDA25.4200x_T11.tiff,NDA25
930,ND200X,HeparNDA5.1200x1_T10.tiff,NDA5
931,ND200X,HeparNDA25.2200x1_T10.tiff,NDA25
932,ND200X,HeparNDA25.1200x3_T02.tiff,NDA25
933,ND200X,HeparNDA25.1200x2_T10.tiff,NDA25
934,ND200X,HeparNDA25.4200x2_T02.tiff,NDA25
935,ND200X,HeparNDA25.3200x_T00.tiff,NDA25
936,ND200X,HeparNDA25.3200x1_T10.tiff,NDA25
937,ND200X,HeparNDA25.4200x2_T10.tiff,NDA25
938,ND200X,HeparNDA25.3200x1_T02.tiff,NDA25
939,ND200X,HeparNDA25.1200x_T02.tiff,NDA25
940,ND200X,HeparNDA25.1200x_T10.tiff,NDA25
941,ND200X,HeparNDA25.4200x1_T11.tiff,NDA25
942,ND200X,HeparNDA25.2200x1_T02.tiff,NDA25
943,ND200X,HeparNDA25.3200x_T02.tiff,NDA25
944,ND200X,HeparNDA25.4200x1_T02.tiff,NDA25
945,ND200X,HeparNDA25.3200x_T12.tiff,NDA25
946,ND200X,HeparNDA25.1200x_T12.tiff,NDA25
947,ND200X,HeparNDA25.3200x2_T10.tiff,NDA25
948,ND200X,HeparNDA25.1200x2_T02.tiff,NDA25
949,ND200X,HeparNDA25.4200x1_T01.tiff,NDA25
950,ND200X,HeparNDA25.1200x1_T12.tiff,NDA25
951,ND200X,HeparNDA25.1200x3_T01.tiff,NDA25
952,ND200X,HeparNDA0.1200x1_T11.tiff,NDA0
953,ND200X,HeparNDA25.2200x_T11.tiff,NDA25
954,ND200X,HeparNDA25.2200x1_T01.tiff,NDA25
955,ND200X,HeparNDA25.4200x1_T12.tiff,NDA25
956,ND200X,HeparNDA25.1200x_T11.tiff,NDA25
957,ND200X,HeparNDA25.4200x1_T10.tiff,NDA25
958,ND200X,HeparNDA25.3200x2_T12.tiff,NDA25
959,ND200X,HeparNDA25.3200x2_T02.tiff,NDA25
960,ND200X,HeparNDA5.3200x1_T11.tiff,NDA5
961,ND200X,HeparNDA25.3200x1_T12.tiff,NDA25
962,ND200X,HeparNDA0.1200x_T12.tiff,NDA0
963,ND200X,HeparNDA0.1200x_T10.tiff,NDA0
964,ND200X,HeparNDA25.3200x_T10.tiff,NDA25
965,ND200X,HeparNDA25.3200x1_T11.tiff,NDA25
966,ND200X,HeparNDA25.1200x2_T11.tiff,NDA25
967,ND200X,HeparNDA25.1200x1_T10.tiff,NDA25
968,ND200X,HeparNDA25.4200x1_T00.tiff,NDA25
969,ND200X,HeparNDA25.2200x_T10.tiff,NDA25
970,ND200X,HeparNDA25.3200x2_T11.tiff,NDA25
971,ND200X,HeparNDA25.4200x2_T11.tiff,NDA25
972,ND200X,HeparNDA25.2200x_T12.tiff,NDA25
973,ND200X,HeparNDA25.1200x2_T12.tiff,NDA25
974,ND200X,HeparNDA25.2200x1_T11.tiff,NDA25
975,ND200X,HeparNDA25.1200x1_T02.tiff,NDA25
976,ND200X,HeparNDA5.3200x1_T12.tiff,NDA5
977,ND200X,HeparNDA0.1200x_T11.tiff,NDA0
978,ND200X,HeparNDA25.1200x3_T11.tiff,NDA25
979,ND200X,HeparNDA25.3200x_T11.tiff,NDA25
980,ND200X,HeparNDA25.2200x1_T12.tiff,NDA25
981,ND200X,HeparNDA25.1200x3_T12.tiff,NDA25
982,ND200X,HeparNDA25.4200x2_T12.tiff,NDA25
983,ND200X,HeparNDA25.1200x1_T11.tiff,NDA25
984,ND400X,HeparNDA5.2400x_T01.tiff,NDA5
985,ND400X,HeparNDA0.2400x1_T02.tiff,NDA0
986,ND400X,HeparNDA0.3400x_T01.tiff,NDA0
987,ND400X,HeparNDA0.2400x1_T00.tiff,NDA0
988,ND400X,HeparNDA0.1400x_T00.tiff,NDA0
989,ND400X,HeparNDA5.2400x1_T01.tiff,NDA5
990,ND400X,HeparNDA0.1400x2_T01.tiff,NDA0
991,ND400X,HeparNDA0.4400x_T00.tiff,NDA0
992,ND400X,HeparNDA5.2400x1_T00.tiff,NDA5
993,ND400X,HeparNDA0.1400x2_T02.tiff,NDA0
994,ND400X,HeparNDA5.3400x2_T01.tiff,NDA5
995,ND400X,HeparNDA0.1400x2_T10.tiff,NDA0
996,ND400X,HeparNDA0.1400x_T12.tiff,NDA0
997,ND400X,HeparNDA0.3400x1_T00.tiff,NDA0
998,ND400X,HeparND4400x2_T00.tiff,ND
999,ND400X,HeparNDA0.4400x_T01.tiff,NDA0
1000,ND400X,HeparNDA0.2400x2_T02.tiff,NDA0
1001,ND400X,HeparNDA5.1400x1_T02.tiff,NDA5
1002,ND400X,HeparNDA5.3400x2_T00.tiff,NDA5
1003,ND400X,HeparNDA5.3400x2_T02.tiff,NDA5
1004,ND400X,HeparNDA0.1400x_T01.tiff,NDA0
1005,ND400X,HeparNDA0.1400x_T11.tiff,NDA0
1006,ND400X,HeparNDA0.2400x2_T10.tiff,NDA0
1007,ND400X,HeparND4400x1_T01.tiff,ND
1008,ND400X,HeparNDA0.1400x2_T00.tiff,NDA0
1009,ND400X,HeparNDA0.2400x2_T01.tiff,NDA0
1010,ND400X,HeparNDA0.2400x2_T00.tiff,NDA0
1011,ND400X,HeparNDA0.2400x1_T01.tiff,NDA0
1012,ND400X,HeparNDA5.4400x1_T00.tiff,NDA5
1013,ND400X,HeparNDA0.3400x1_T02.tiff,NDA0
1014,ND400X,HeparNDA5.3400x_T02.tiff,NDA5
1015,ND400X,HeparND4400x1_T00.tiff,ND
1016,ND400X,HeparNDA5.3400x_T00.tiff,NDA5
1017,ND400X,HeparNDA5.4400x_T01.tiff,NDA5
1018,ND400X,HeparNDA0.1400x_T10.tiff,NDA0
1019,ND400X,HeparNDA5.2400x_T02.tiff,NDA5
1020,ND400X,HeparNDA5.1400x_T00.tiff,NDA5
1021,ND400X,HeparNDA5.1400x1_T01.tiff,NDA5
1022,ND400X,HeparNDA5.1400x1_T00.tiff,NDA5
1023,ND400X,HeparND4400x2_T01.tiff,ND
1024,ND400X,HeparNDA0.3400x_T02.tiff,NDA0
1025,ND400X,HeparNDA0.1400x_T02.tiff,NDA0
1026,ND400X,HeparNDA0.3400x_T12.tiff,NDA0
1027,ND400X,HeparNDA0.3400x_T00.tiff,NDA0
1028,ND400X,HeparNDA5.2400x_T00.tiff,NDA5
1029,ND400X,HeparNDA0.2400x1_T11.tiff,NDA0
1030,ND400X,HeparNDA0.3400x_T10.tiff,NDA0
1031,ND400X,HeparNDA0.1400x1_T00.tiff,NDA0
1032,ND400X,HeparNDA5.3400x2_T10.tiff,NDA5
1033,ND400X,HeparNDA5.4400x1_T01.tiff,NDA5
1034,ND400X,HeparNDA5.3400x_T01.tiff,NDA5
1035,ND400X,HeparNDA0.1400x2_T11.tiff,NDA0
1036,ND400X,HeparNDA5.2400x_T10.tiff,NDA5
1037,ND400X,HeparNDA0.2400x1_T10.tiff,NDA0
1038,ND400X,HeparNDA0.3400x1_T01.tiff,NDA0
1039,ND400X,HeparNDA5.1400x_T02.tiff,NDA5
1040,ND400X,HeparNDA5.1400x1_T10.tiff,NDA5
1041,ND400X,HeparNDA5.4400x_T00.tiff,NDA5
1042,ND400X,HeparNDA5.2400x_T12.tiff,NDA5
1043,ND400X,HeparNDA5.3400x_T10.tiff,NDA5
1044,ND400X,HeparNDA5.3400x1_T00.tiff,NDA5
1045,ND400X,HeparNDA5.2400x1_T02.tiff,NDA5
1046,ND400X,HeparNDA5.1400x_T01.tiff,NDA5
1047,ND400X,HeparNDA0.1400x1_T02.tiff,NDA0
1048,ND400X,HeparNDA5.4400x_T02.tiff,NDA5
1049,ND400X,HeparNDA0.3400x_T11.tiff,NDA0
1050,ND400X,HeparNDA25.4400x2_T00.tiff,NDA25
1051,ND400X,HeparNDA0.4400x_T02.tiff,NDA0
1052,ND400X,HeparNDA5.2400x1_T12.tiff,NDA5
1053,ND400X,HeparNDA5.3400x1_T01.tiff,NDA5
1054,ND400X,HeparNDA0.1400x1_T01.tiff,NDA0
1055,ND400X,HeparNDA5.3400x2_T11.tiff,NDA5
1056,ND400X,HeparNDA5.4400x1_T02.tiff,NDA5
1057,ND400X,HeparNDA0.3400x1_T10.tiff,NDA0
1058,ND400X,HeparNDA5.3400x_T11.tiff,NDA5
1059,ND400X,HeparND4400x1_T11.tiff,ND
1060,ND400X,HeparNDA5.4400x_T10.tiff,NDA5
1061,ND400X,HeparNDA0.2400x1_T12.tiff,NDA0
1062,ND400X,HeparND4400x2_T11.tiff,ND
1063,ND400X,HeparNDA25.4400x1_T01.tiff,NDA25
1064,ND400X,HeparNDA0.3400x1_T11.tiff,NDA0
1065,ND400X,HeparND4400x2_T02.tiff,ND
1066,ND400X,HeparNDA25.4400x1_T00.tiff,NDA25
1067,ND400X,HeparNDA5.1400x1_T12.tiff,NDA5
1068,ND400X,HeparNDA5.4400x_T12.tiff,NDA5
1069,ND400X,HeparNDA0.4400x_T12.tiff,NDA0
1070,ND400X,HeparND4400x2_T12.tiff,ND
1071,ND400X,HeparNDA25.4400x_T00.tiff,NDA25
1072,ND400X,HeparNDA0.2400x_T00.tiff,NDA0
1073,ND400X,HeparNDA5.1400x_T11.tiff,NDA5
1074,ND400X,HeparNDA0.4400x_T11.tiff,NDA0
1075,ND400X,HeparND4400x1_T12.tiff,ND
1076,ND400X,HeparNDA5.4400x_T11.tiff,NDA5
1077,ND400X,HeparNDA0.2400x_T02.tiff,NDA0
1078,ND400X,HeparNDA5.1400x_T10.tiff,NDA5
1079,ND400X,HeparNDA0.4400x_T10.tiff,NDA0
1080,ND400X,HeparNDA5.1400x1_T11.tiff,NDA5
1081,ND400X,HeparNDA5.2400x_T11.tiff,NDA5
1082,ND400X,HeparNDA5.3400x_T12.tiff,NDA5
1083,ND400X,HeparNDA25.4400x1_T10.tiff,NDA25
1084,ND400X,HeparNDA0.2400x2_T12.tiff,NDA0
1085,ND400X,HeparNDA25.3400x2_T00.tiff,NDA25
1086,ND400X,HeparNDA25.3400x1_T00.tiff,NDA25
1087,ND400X,HeparND4400x2_T10.tiff,ND
1088,ND400X,HeparNDA0.2400x2_T11.tiff,NDA0
1089,ND400X,HeparNDA0.1400x2_T12.tiff,NDA0
1090,ND400X,HeparNDA0.3400x1_T12.tiff,NDA0
1091,ND400X,HeparNDA0.1400x1_T11.tiff,NDA0
1092,ND400X,HeparND4400x1_T02.tiff,ND
1093,ND400X,HeparNDA5.2400x1_T11.tiff,NDA5
1094,ND400X,HeparNDA25.4400x2_T01.tiff,NDA25
1095,ND400X,HeparNDA5.3400x1_T10.tiff,NDA5
1096,ND400X,HeparNDA25.4400x1_T02.tiff,NDA25
1097,ND400X,HeparNDA0.1400x1_T10.tiff,NDA0
1098,ND400X,HeparNDA5.4400x1_T10.tiff,NDA5
1099,ND400X,HeparNDA5.4400x1_T11.tiff,NDA5
1100,ND400X,HeparNDA5.2400x1_T10.tiff,NDA5
1101,ND400X,HeparNDA0.2400x_T01.tiff,NDA0
1102,ND400X,HeparND4400x1_T10.tiff,ND
1103,ND400X,HeparNDA25.4400x_T02.tiff,NDA25
1104,ND400X,HeparNDA5.4400x1_T12.tiff,NDA5
1105,ND400X,HeparNDA25.1400x1_T02.tiff,NDA25
1106,ND400X,HeparNDA25.4400x_T01.tiff,NDA25
1107,ND400X,HeparNDA25.4400x_T12.tiff,NDA25
1108,ND400X,HeparNDA25.3400x_T00.tiff,NDA25
1109,ND400X,HeparNDA25.3400x1_T12.tiff,NDA25
1110,ND400X,HeparNDA25.3400x2_T02.tiff,NDA25
1111,ND400X,HeparNDA25.3400x1_T02.tiff,NDA25
1112,ND400X,HeparNDA25.4400x2_T10.tiff,NDA25
1113,ND400X,HeparNDA25.2400x2_T01.tiff,NDA25
1114,ND400X,HeparNDA25.1400x2_T01.tiff,NDA25
1115,ND400X,HeparNDA25.3400x2_T12.tiff,NDA25
1116,ND400X,HeparNDA5.1400x_T12.tiff,NDA5
1117,ND400X,HeparNDA5.3400x1_T11.tiff,NDA5
1118,ND400X,HeparNDA25.1400x1_T11.tiff,NDA25
1119,ND400X,HeparNDA25.2400x_T01.tiff,NDA25
1120,ND400X,HeparNDA25.1400x1_T01.tiff,NDA25
1121,ND400X,HeparNDA0.2400x_T12.tiff,NDA0
1122,ND400X,HeparNDA25.4400x2_T02.tiff,NDA25
1123,ND400X,HeparNDA0.1400x1_T12.tiff,NDA0
1124,ND400X,HeparNDA5.3400x2_T12.tiff,NDA5
1125,ND400X,HeparNDA25.4400x2_T11.tiff,NDA25
1126,ND400X,HeparNDA25.2400x_T10.tiff,NDA25
1127,ND400X,HeparNDA25.1400x1_T10.tiff,NDA25
1128,ND400X,HeparNDA0.2400x_T11.tiff,NDA0
1129,ND400X,HeparNDA25.3400x1_T01.tiff,NDA25
1130,ND400X,HeparNDA5.3400x1_T02.tiff,NDA5
1131,ND400X,HeparNDA25.3400x2_T10.tiff,NDA25
1132,ND400X,HeparNDA25.1400x_T01.tiff,NDA25
1133,ND400X,HeparNDA25.2400x2_T00.tiff,NDA25
1134,ND400X,HeparNDA25.2400x_T02.tiff,NDA25
1135,ND400X,HeparNDA25.4400x_T10.tiff,NDA25
1136,ND400X,HeparNDA25.4400x1_T11.tiff,NDA25
1137,ND400X,HeparNDA25.1400x2_T10.tiff,NDA25
1138,ND400X,HeparNDA25.1400x2_T00.tiff,NDA25
1139,ND400X,HeparNDA25.1400x3_T10.tiff,NDA25
1140,ND400X,HeparNDA0.2400x_T10.tiff,NDA0
1141,ND400X,HeparNDA25.1400x2_T02.tiff,NDA25
1142,ND400X,HeparNDA25.4400x_T11.tiff,NDA25
1143,ND400X,HeparNDA25.1400x1_T12.tiff,NDA25
1144,ND400X,HeparNDA25.1400x_T00.tiff,NDA25
1145,ND400X,HeparNDA25.3400x1_T10.tiff,NDA25
1146,ND400X,HeparNDA25.1400x2_T11.tiff,NDA25
1147,ND400X,HeparNDA25.1400x1_T00.tiff,NDA25
1148,ND400X,HeparNDA25.1400x3_T01.tiff,NDA25
1149,ND400X,HeparNDA25.3400x2_T01.tiff,NDA25
1150,ND400X,HeparNDA25.4400x1_T12.tiff,NDA25
1151,ND400X,HeparNDA25.2400x2_T10.tiff,NDA25
1152,ND400X,HeparNDA25.4400x2_T12.tiff,NDA25
1153,ND400X,HeparNDA25.1400x3_T00.tiff,NDA25
1154,ND400X,HeparNDA25.3400x_T10.tiff,NDA25
1155,ND400X,HeparNDA25.2400x2_T02.tiff,NDA25
1156,ND400X,HeparNDA25.3400x_T02.tiff,NDA25
1157,ND400X,HeparNDA25.1400x3_T02.tiff,NDA25
1158,ND400X,HeparNDA25.2400x2_T12.tiff,NDA25
1159,ND400X,HeparNDA25.1400x2_T12.tiff,NDA25
1160,ND400X,HeparNDA25.3400x1_T11.tiff,NDA25
1161,ND400X,HeparNDA25.3400x_T12.tiff,NDA25
1162,ND400X,HeparNDA25.2400x_T11.tiff,NDA25
1163,ND400X,HeparNDA25.3400x2_T11.tiff,NDA25
1164,ND400X,HeparNDA25.2400x2_T11.tiff,NDA25
1165,ND400X,HeparNDA25.3400x_T11.tiff,NDA25
1166,ND400X,HeparNDA25.1400x_T02.tiff,NDA25
1167,ND400X,HeparNDA25.2400x_T00.tiff,NDA25
1168,ND400X,HeparNDA25.1400x_T10.tiff,NDA25
1169,ND400X,HeparNDA25.1400x3_T12.tiff,NDA25
1170,ND400X,HeparNDA5.3400x1_T12.tiff,NDA5
1171,ND400X,HeparNDA25.1400x3_T11.tiff,NDA25
1172,ND400X,HeparNDA25.1400x_T12.tiff,NDA25
1173,ND400X,HeparNDA25.3400x_T01.tiff,NDA25
1174,ND400X,HeparNDA25.2400x_T12.tiff,NDA25
1175,ND400X,HeparNDA25.1400x_T11.tiff,NDA25
